sample,rel_difference
Y09802058,0.743048250675
Y09802055,0.481733381748
Y09859865,0.261314868927
